serial_no,age,sex,on_thyroxine,query_on_thyroxine,on_antithyroid_medication,sick,pregnant,thyroid_surgery,i131_treatment,query_hypothyroid,query_hyperthyroid,lithium,goitre,tumor,hypopituitary,psych,tsh_measured,tsh,t3_measured,t3,tt4_measured,tt4,t4u_measured,t4u,fti_measured,fti,tbg_measured,tbg,referral_source
23,87,F,f,f,f,f,f,f,f,f,f,f,f,f,f,f,t,3,t,1.6,t,71,t,1.06,t,67,f,?,other
114,72,F,f,f,f,f,f,f,f,f,f,f,f,f,f,f,t,1.5,t,1.3,t,86,t,0.88,t,99,f,?,SVI
53,26,F,f,f,f,f,f,f,f,f,f,f,f,f,f,f,f,?,f,?,f,?,f,?,f,?,f,?,other
110,38,F,f,f,f,f,f,f,f,f,f,f,t,f,f,f,t,0.88,t,1.6,t,108,t,0.85,t,127,f,?,SVI
91,29,F,f,f,f,f,f,f,f,f,f,f,f,f,f,f,t,1.6,f,?,t,140,t,1.41,t,99,f,?,other
128,53,M,f,f,f,f,f,f,f,f,f,f,f,f,f,f,t,1.6,t,1.9,t,96,t,0.78,t,124,f,?,SVHC
251,74,F,f,f,f,f,f,f,f,f,f,f,f,f,f,f,t,9.1,t,2,t,72,t,0.9,t,80,f,?,other
247,70,M,f,f,f,f,f,f,f,f,f,f,f,f,f,f,t,3,t,1.3,t,105,t,0.94,t,112,f,?,SVI
214,81,F,f,f,f,f,f,f,f,f,f,f,f,f,f,t,t,1.8,t,1.8,t,148,t,1.19,t,125,f,?,SVHC
117,57,M,f,f,f,f,f,f,f,f,f,f,f,f,f,f,f,?,f,?,t,99,t,0.99,t,100,f,?,other
144,69,F,f,f,f,f,f,f,f,f,f,f,f,f,f,f,t,1.5,t,1.8,t,142,t,1.13,t,125,f,?,other
120,58,F,t,f,f,f,f,f,f,f,f,f,f,f,f,f,t,1.5,t,1.6,t,103,t,0.9,t,114,f,?,other
219,42,M,f,f,f,f,f,f,f,f,f,f,f,f,f,f,t,1,t,2.4,t,128,t,1.11,t,115,f,?,other
140,64,F,f,f,f,f,f,f,f,f,f,f,f,t,f,f,t,1.5,t,2.3,t,116,t,1.08,t,107,f,?,other
55,39,F,f,f,f,f,f,f,f,f,t,f,f,f,f,f,t,0.25,t,2.9,t,136,t,1.44,t,94,f,?,other
255,67,F,f,f,f,f,f,f,f,f,f,f,f,f,f,f,t,52,t,1.2,t,65,t,0.92,t,71,f,?,SVI
129,72,M,f,f,f,f,f,f,f,f,f,f,f,f,f,f,t,0.3,t,1.9,t,104,t,1.01,t,104,f,?,SVI
33,59,F,f,f,f,t,f,f,f,f,f,f,f,f,f,f,f,?,f,?,f,?,f,?,f,?,f,?,other
132,73,F,t,f,f,f,f,f,f,f,f,f,f,f,f,f,t,3.1,t,1.5,t,120,t,0.94,t,127,f,?,SVI
185,79,F,f,f,f,f,f,f,f,f,f,f,f,f,f,f,t,143,t,0.7,t,73,t,1.01,t,72,f,?,other
5,70,F,f,f,f,t,f,f,f,f,f,f,f,f,f,f,t,1.1,t,1.7,t,95,t,0.68,t,140,f,?,SVI
28,76,M,f,f,f,f,f,f,f,f,f,f,f,f,f,f,t,3.2,t,0.8,t,101,t,0.99,t,103,f,?,SVHC
105,79,F,f,f,f,f,f,f,f,f,f,f,f,f,f,f,t,2.1,t,2.2,t,97,t,1.01,t,97,f,?,other
123,59,F,t,f,f,f,f,f,f,f,f,f,f,f,f,f,t,0.01,t,2,t,113,t,0.86,t,131,f,?,other
42,72,F,f,t,f,f,f,f,f,f,f,f,f,f,f,f,f,?,f,?,t,114,t,1.11,t,102,f,?,other
153,85,M,f,f,f,f,f,f,f,f,f,f,f,f,f,f,t,0.5,t,1.2,t,93,t,0.79,t,117,f,?,SVI
178,53,F,t,f,f,f,f,f,f,f,f,f,f,f,f,f,t,0.07,f,?,t,171,t,1.06,t,162,f,?,other
248,75,F,f,f,f,f,f,f,f,f,f,f,f,f,f,f,t,1.9,t,1.4,t,107,t,0.92,t,116,f,?,other
50,49,F,f,f,f,f,f,f,f,f,f,f,f,f,f,f,t,0.1,t,0.3,t,32,t,0.53,t,60,f,?,SVI
95,80,M,f,f,f,f,f,f,f,f,f,f,f,f,f,f,t,1.3,t,2.8,t,225,t,1.68,t,134,f,?,other
88,76,F,t,f,f,f,f,f,f,f,f,f,f,f,f,f,t,1.1,t,2.6,t,122,t,1.25,t,98,f,?,other
82,26,F,f,t,f,f,f,f,f,f,f,f,f,f,f,f,t,9.4,f,?,t,70,t,0.95,t,74,f,?,other
49,39,F,f,f,f,f,f,f,f,f,f,f,f,f,f,f,t,160,t,0.4,t,11,t,1.24,t,8.9,f,?,other
10,78,F,f,f,f,f,f,f,f,t,f,f,f,f,f,f,t,0.64,t,1.7,t,113,t,0.99,t,115,f,?,SVI
225,66,F,f,f,f,f,f,f,f,f,f,f,f,f,f,f,t,0.83,t,2.3,t,113,t,0.84,t,134,f,?,other
137,46,F,f,f,f,f,f,f,f,f,f,f,f,f,f,f,t,1.4,t,1.3,t,104,t,1.06,t,99,f,?,SVI
83,31,F,f,f,f,f,f,f,f,f,f,f,f,f,f,f,t,7.8,t,2,t,159,t,1.51,t,105,f,?,other
245,43,F,f,f,f,f,f,f,f,f,f,f,f,f,f,f,t,2,t,1.8,t,121,t,0.94,t,129,f,?,SVHC
241,81,M,f,f,f,f,f,f,f,f,f,f,f,f,f,f,f,?,t,1.7,t,71,t,0.92,t,77,f,?,other
118,53,M,t,f,f,f,f,t,f,f,f,f,f,f,f,f,t,0.08,f,?,t,127,t,0.9,t,141,f,?,other
237,39,M,f,f,f,f,f,f,f,f,f,f,f,f,f,t,t,1.5,f,?,t,93,t,0.75,t,125,f,?,SVHC
194,44,M,f,t,f,f,f,f,f,f,f,f,t,f,f,f,t,0.1,t,0.6,t,61,t,0.86,t,71,f,?,SVI
60,48,F,f,f,f,f,f,f,f,f,f,f,f,f,f,f,t,0.3,t,1.6,t,86,t,0.93,t,92,f,?,SVI
67,58,?,t,f,f,f,f,f,f,f,t,f,f,f,f,f,t,0.01,t,3.3,t,129,t,1.23,t,105,f,?,SVI
125,41,F,t,f,f,f,f,f,f,f,f,f,f,f,f,f,t,6,t,1.9,t,114,t,1,t,114,f,?,other
197,44,F,f,f,f,f,f,f,f,f,f,f,f,f,f,f,t,0.72,t,0.9,t,96,t,0.75,t,127,f,?,other
134,65,F,f,f,f,f,f,f,f,f,f,f,f,f,f,f,t,0.68,t,1.4,t,101,t,0.98,t,103,f,?,SVI
201,19,F,f,f,f,f,t,f,f,f,f,f,f,t,f,f,t,0.45,t,3.2,t,130,t,1.83,t,71,f,?,STMW
79,44,M,f,f,f,f,f,f,f,t,f,f,f,f,f,f,t,0.04,f,?,t,141,t,1.03,t,137,f,?,other
210,25,F,f,f,f,f,f,f,f,f,f,f,f,f,f,f,t,1.6,t,5.4,t,152,t,1.5,t,102,f,?,STMW
16,77,M,f,f,f,f,f,f,f,f,f,f,f,f,f,f,t,2,t,2.9,t,151,t,1.35,t,111,f,?,other
63,31,M,f,f,f,f,f,f,f,f,f,f,f,f,f,f,t,1.4,t,2.3,t,150,t,1.42,t,106,f,?,SVHC
253,80,M,f,f,f,f,f,f,f,f,f,f,f,f,f,f,t,3.3,t,1.3,t,93,t,0.86,t,108,f,?,SVI
80,35,F,f,f,f,f,f,f,f,f,f,t,f,f,f,f,t,3.9,f,?,t,83,t,0.85,t,97,f,?,SVHC
139,57,?,f,f,f,f,f,f,f,f,f,f,f,f,f,f,t,0.67,t,2.6,t,79,t,0.84,t,93,f,?,other
213,24,M,f,f,f,f,f,f,f,f,f,f,f,f,f,f,t,2.3,t,2,t,121,t,0.81,t,149,f,?,SVI
13,68,M,f,f,f,f,f,f,f,f,f,f,f,f,f,f,t,0.4,t,2.2,t,117,t,0.86,t,136,f,?,SVI
169,38,M,f,f,f,f,f,f,f,f,f,f,f,f,f,f,f,?,f,?,t,78,t,0.87,t,90,f,?,other
30,45,?,t,f,f,f,f,f,f,f,f,f,f,f,f,f,t,9,t,2.8,t,237,t,1.17,t,203,f,?,STMW
145,37,F,f,f,f,f,f,t,f,f,f,f,f,f,f,f,t,27,t,1.7,t,87,f,?,f,?,f,?,other
211,33,F,f,f,f,f,f,f,f,t,f,f,f,f,f,f,t,16,t,1.7,t,75,f,?,f,?,f,?,other
111,17,F,f,f,f,f,f,f,f,f,t,f,f,f,f,f,f,?,f,?,f,?,f,?,f,?,f,?,other
72,57,M,f,f,f,f,f,f,f,f,f,f,f,f,f,t,t,1.6,t,2,t,87,t,0.61,t,143,f,?,other
234,21,M,f,t,f,f,f,f,f,f,f,f,f,f,t,f,t,0.25,t,1.3,t,54,t,1.07,t,51,f,?,SVI
113,72,F,f,f,f,f,f,f,f,f,f,f,f,f,f,f,t,1.1,t,2.2,t,124,t,1.08,t,115,f,?,SVI
99,7,M,f,f,f,f,f,f,f,f,f,f,f,f,f,f,t,0.94,t,2,t,93,t,0.84,t,110,f,?,other
222,41,F,f,f,f,f,f,f,f,f,f,f,f,f,f,f,f,?,f,?,f,?,f,?,f,?,f,?,other
160,32,F,t,f,f,f,t,f,f,f,t,f,f,f,f,f,t,0.025,t,3.7,t,139,t,1.34,t,104,f,?,other
11,64,F,f,f,f,f,f,f,f,f,f,f,f,f,f,f,t,0.035,t,1,t,103,t,0.85,t,122,f,?,SVI
151,25,M,f,f,f,f,f,f,f,f,f,f,f,f,f,t,t,1.3,t,1.5,t,96,t,0.8,t,121,f,?,other
252,44,F,f,f,f,f,f,f,f,f,f,f,f,f,f,f,t,5.9,t,2.4,t,61,f,?,f,?,f,?,other
1,44,M,f,f,f,f,f,f,f,f,f,f,f,f,f,f,t,45,t,1.4,t,39,t,1.16,t,33,f,?,SVI
19,27,F,f,f,f,f,f,f,f,f,f,f,f,f,f,f,t,15,t,1.6,t,82,t,0.82,t,100,f,?,SVI
61,28,F,f,f,f,f,f,f,f,f,f,f,f,f,f,f,t,1.3,t,1.4,t,120,t,0.82,t,146,f,?,SVI
157,71,F,f,f,f,f,f,f,f,f,f,f,t,f,f,f,t,0.02,f,?,t,127,t,1.06,t,119,f,?,other
204,37,M,f,f,f,f,f,f,f,f,t,f,f,f,f,f,t,0.65,t,1.3,t,136,t,1.19,t,115,f,?,other
46,34,?,f,f,f,f,f,f,f,f,f,f,f,t,f,f,t,7.8,t,2,t,95,t,0.99,t,96,f,?,STMW
43,82,F,f,f,f,f,f,f,f,f,f,f,f,f,f,f,t,1.9,t,2.9,t,116,t,1.2,t,97,f,?,SVHC
130,39,F,f,f,f,f,f,f,f,f,f,f,f,f,f,f,t,2.1,f,?,f,?,f,?,f,?,f,?,other
8,21,?,f,f,f,f,f,f,f,f,f,f,f,f,f,f,f,?,t,1.8,t,163,t,1.05,t,155,f,?,other
52,80,M,f,f,f,f,f,f,f,f,f,f,f,f,f,f,t,2,t,1.2,t,39,t,0.95,t,41,f,?,SVI
257,49,M,f,f,f,f,f,f,f,f,f,f,f,f,f,f,t,0.7,t,2.1,t,102,t,0.93,t,110,f,?,SVI
221,19,M,f,f,f,f,f,f,f,t,f,f,f,f,f,f,t,9,t,2.2,t,117,f,?,f,?,f,?,other
122,19,F,f,f,t,f,f,f,f,f,f,f,f,f,f,f,t,0.1,t,4.2,t,128,t,0.98,t,130,f,?,other
212,28,F,f,f,f,f,f,f,f,f,f,f,f,f,f,f,t,1.4,t,2.4,t,102,t,1.08,t,95,f,?,SVI
2,48,M,f,t,f,f,f,f,f,f,t,f,f,f,f,f,t,5.4,t,1.9,t,87,t,1,t,87,f,?,other
45,71,F,f,f,f,f,f,f,f,f,f,f,f,f,f,f,t,0.8,t,2.3,t,133,t,1.1,t,121,f,?,SVI
176,48,F,f,f,f,f,f,f,f,t,f,f,f,f,f,t,t,0.77,t,1.1,t,81,t,0.86,t,95,f,?,SVHC
73,70,M,f,f,f,f,f,f,f,f,f,f,f,f,f,f,t,1.4,t,2.1,t,91,t,0.99,t,92,f,?,SVHC
218,67,M,f,f,f,f,f,f,f,f,f,f,f,f,f,f,t,1.4,t,1.5,t,95,t,0.78,t,122,f,?,SVI
4,35,F,t,f,f,f,f,f,f,f,f,f,f,f,f,f,t,0.25,t,2,t,121,t,0.81,t,148,f,?,other
18,65,M,f,f,f,f,f,f,f,f,f,f,f,f,f,f,t,14.8,t,1.5,t,61,t,0.85,t,72,f,?,SVI
177,25,F,f,f,f,f,f,f,f,f,f,f,f,f,f,f,t,1.8,t,2.1,t,102,t,1.12,t,91,f,?,other
51,63,F,t,f,f,f,f,f,f,f,f,f,f,f,f,f,t,0.025,t,1.6,t,124,t,0.89,t,139,f,?,other
47,31,F,f,f,f,f,f,f,f,f,f,f,f,f,f,f,t,1.3,f,?,t,161,t,1.33,t,121,f,?,other
84,72,F,f,f,f,f,f,f,f,f,f,f,f,f,f,f,t,1.6,t,2.2,t,107,t,1.12,t,96,f,?,other
94,49,F,t,f,f,f,f,f,f,f,f,f,f,f,f,f,t,0.8,t,2.5,t,205,t,1.2,t,170,f,?,other
143,78,F,t,f,f,f,f,f,f,t,f,f,f,f,f,f,t,2.6,t,0.3,t,87,t,0.95,t,91,f,?,SVI
74,57,F,f,f,f,f,f,f,f,f,f,f,f,f,f,f,t,1.4,t,2.3,t,70,t,0.99,t,71,f,?,SVHC
215,69,M,f,f,f,f,f,f,f,f,f,f,f,f,f,f,f,?,f,?,t,118,t,1.11,t,107,f,?,other
220,63,M,f,f,f,f,f,f,f,f,f,f,f,f,f,f,t,108,t,0.4,t,14,t,0.98,t,14,f,?,SVI
44,72,?,f,f,f,f,f,f,f,f,f,f,f,f,f,f,t,4.1,t,1.6,t,94,t,0.92,t,102,f,?,other
155,36,F,f,f,f,f,t,f,f,f,t,f,f,f,f,f,t,0.005,f,?,t,108,t,1.1,t,99,f,?,other
116,18,F,f,f,f,f,f,f,f,t,f,f,f,f,f,f,t,1.1,f,?,t,147,t,0.95,t,154,f,?,STMW
121,21,F,f,f,f,f,f,f,f,f,f,f,f,f,f,f,t,1.6,t,2.1,t,96,t,0.85,t,112,f,?,STMW
249,78,M,f,f,f,f,f,f,f,f,f,f,f,f,f,t,t,2.9,t,1.9,t,90,t,0.97,t,93,f,?,SVHC
96,75,F,f,f,f,f,f,f,f,f,f,f,f,f,f,f,t,1.6,t,1.5,t,85,t,0.94,t,90,f,?,SVI
184,66,F,f,f,f,f,f,f,f,f,t,f,f,f,f,f,t,1.1,t,1.8,t,135,t,1.09,t,124,f,?,other
146,35,M,f,f,f,f,f,f,f,f,f,f,f,f,f,f,t,1.5,t,2.3,t,98,t,0.92,t,106,f,?,other
69,59,F,f,f,f,f,f,f,f,f,f,f,f,f,f,f,t,4.1,t,3.1,t,110,t,1.06,t,104,f,?,SVI
229,58,F,f,f,f,f,f,f,f,f,f,f,f,f,f,f,f,?,f,?,f,?,f,?,f,?,f,?,other
15,53,F,f,f,f,f,f,f,f,f,f,f,f,t,f,f,f,?,t,2.8,f,?,f,?,f,?,f,?,SVI
244,57,M,f,f,f,f,f,f,f,f,f,f,f,f,f,f,t,0.62,t,2.4,t,118,t,1.12,t,106,f,?,SVI
209,24,F,f,f,f,f,f,f,f,f,f,f,f,f,f,f,t,0.4,f,?,t,142,t,1.2,t,118,f,?,other
22,42,?,f,f,f,f,f,f,f,f,f,f,f,f,f,f,t,0.02,t,2.6,t,138,t,1.58,t,88,f,?,STMW
112,55,F,f,f,f,f,f,f,f,f,t,f,f,f,f,f,t,0.01,t,5.5,t,219,t,0.8,t,274,f,?,other
233,72,M,f,f,f,f,f,f,f,f,f,f,f,f,f,f,t,5.4,t,1,t,75,t,0.82,t,92,f,?,SVI
217,49,F,t,f,f,f,f,f,f,f,f,f,f,f,f,f,t,1.2,f,?,t,87,t,0.91,t,95,f,?,other
236,73,F,f,f,f,f,f,f,f,f,f,f,f,f,f,f,t,0.6,t,1.3,t,146,t,0.89,t,165,f,?,other
98,19,F,f,f,f,f,f,f,f,f,f,f,f,f,f,f,f,?,f,?,t,90,t,0.89,t,101,f,?,other
224,78,M,f,f,f,f,f,f,f,f,f,f,f,f,f,f,t,2.4,t,1.3,t,87,t,0.89,t,97,f,?,SVI
152,68,M,f,f,f,f,f,f,f,f,f,f,f,f,f,f,t,0.1,t,1.8,t,80,t,0.77,t,104,f,?,SVI
135,39,F,t,f,t,f,f,f,f,f,f,f,f,f,f,f,t,1.5,t,2.8,t,131,t,1.26,t,104,f,?,other
54,23,F,f,f,f,f,f,f,f,f,f,f,f,f,f,f,t,1.3,t,2.2,t,103,t,1.35,t,76,f,?,other
75,65,F,f,f,f,f,f,f,f,f,t,f,f,f,f,f,t,0.15,t,3.5,t,217,t,0.98,t,221,f,?,other
259,47,M,f,f,f,t,f,f,f,f,f,f,f,f,f,f,t,1.5,t,1.5,t,98,t,0.86,t,113,f,?,SVI
115,22,?,f,f,f,f,f,f,f,f,f,f,f,f,f,f,t,1.7,t,2.2,t,93,t,1.08,t,87,f,?,other
256,29,M,t,f,f,f,f,f,f,f,f,f,f,f,f,f,t,0.33,t,2.2,t,142,t,0.93,t,153,f,?,other
203,38,M,f,f,f,f,f,f,f,f,f,f,f,f,f,f,t,0.57,t,1.3,t,156,t,1.39,t,112,f,?,SVHC
174,34,F,t,f,t,f,f,f,f,f,f,f,f,f,f,f,t,26,t,3.7,t,107,t,1.21,t,88,f,?,other
173,47,F,f,f,f,f,f,f,f,f,f,f,f,f,f,t,t,1.9,t,2.3,t,135,t,1.07,t,126,f,?,SVHC
183,53,F,f,f,f,f,f,f,f,f,f,f,f,f,f,f,t,1.1,t,2.2,t,83,t,1.05,t,79,f,?,other
58,39,F,f,f,t,f,f,f,f,f,f,f,f,f,f,f,t,4.3,t,2.4,t,135,t,1.51,t,89,f,?,other
186,38,M,f,f,f,f,f,f,f,f,f,f,f,f,f,f,t,0.05,t,4.8,t,32,f,?,f,?,f,?,other
254,59,M,f,f,f,f,f,f,f,f,f,f,f,f,f,f,t,0.25,t,1.8,t,102,t,0.82,t,124,f,?,other
148,55,F,f,t,f,f,f,f,f,f,f,f,f,f,f,f,t,1.2,t,2.4,t,95,t,1.05,t,90,f,?,SVI
223,31,F,f,f,f,f,f,f,f,f,f,f,f,f,f,t,t,0.1,t,1.8,t,93,f,?,f,?,f,?,SVHC
86,62,M,t,f,f,f,f,f,f,t,t,f,f,f,f,f,t,13,t,1.1,t,87,t,0.81,t,107,f,?,SVHC
89,83,F,f,f,f,f,f,f,f,f,f,f,f,f,f,f,t,2.6,t,1.3,t,100,t,0.86,t,117,f,?,SVI
78,55,F,f,f,f,t,f,f,f,f,f,f,f,f,f,f,t,0.99,t,1.3,t,93,t,0.86,t,108,f,?,SVI
216,28,F,f,f,t,f,f,f,f,f,t,f,f,f,f,f,t,2.4,t,2.1,t,125,f,?,f,?,f,?,other
243,70,M,f,f,f,f,f,f,f,f,f,f,f,f,f,f,t,86,t,0.5,t,27,t,0.84,t,32,f,?,SVI
189,1,M,f,f,f,f,f,f,f,f,f,f,f,f,f,f,t,1.6,t,1.8,t,119,t,1.05,t,113,f,?,SVI
107,53,F,f,f,f,f,f,f,f,f,f,f,f,f,f,f,t,0.045,t,1.8,t,102,t,1,t,102,f,?,other
149,42,F,f,f,f,f,f,f,f,f,f,f,f,f,f,f,t,6.1,t,2.2,t,74,f,?,f,?,f,?,other
27,69,F,f,f,f,f,f,f,f,f,f,f,f,f,f,f,f,?,f,?,f,?,f,?,f,?,f,?,other
141,50,M,f,f,f,f,f,f,f,f,f,f,f,f,f,f,t,0.2,t,1.8,t,123,t,0.97,t,126,f,?,other
119,75,F,f,f,f,f,f,f,f,f,f,f,f,f,f,f,t,4.5,t,1.1,t,132,t,1.01,t,131,f,?,SVI
59,69,F,f,f,f,f,f,f,f,f,f,f,f,f,f,f,t,1.4,f,?,t,123,t,0.91,t,136,f,?,SVI
20,54,F,f,f,f,f,f,f,f,f,f,f,f,f,f,f,t,19,t,2.2,t,83,t,1.03,t,81,f,?,SVHC
199,32,F,f,f,f,f,f,f,f,f,t,f,f,f,f,f,t,2.8,t,1.3,t,86,t,0.89,t,96,f,?,other
195,47,F,f,f,f,f,f,f,f,f,t,f,f,t,f,f,t,0.005,t,3,t,145,t,1.23,t,117,f,?,other
242,82,M,f,f,f,f,f,f,f,f,f,f,f,f,f,f,t,2,t,0.4,t,58,t,0.68,t,85,f,?,SVI
200,52,F,f,f,f,f,f,f,f,f,f,f,f,f,f,f,t,0.03,f,?,t,163,t,0.95,t,172,f,?,other
167,24,M,f,f,f,f,f,f,f,f,f,f,f,f,f,f,t,0.6,t,3,t,119,t,1.03,t,115,f,?,other
240,10,M,f,f,f,f,f,f,f,f,f,f,f,f,f,f,t,2.9,t,4,t,90,t,1.11,t,81,f,?,other
190,22,F,f,f,f,f,f,f,f,f,f,f,f,f,f,f,f,?,f,?,f,?,f,?,f,?,f,?,other
7,83,F,f,f,f,f,f,f,f,f,f,f,f,f,f,f,t,0.92,t,0.9,t,86,t,0.76,t,113,f,?,SVI
226,13,M,f,f,f,f,f,f,f,f,f,f,f,f,f,f,t,2.7,t,2.8,t,110,t,1.1,t,100,f,?,other
150,37,F,t,f,f,f,f,f,f,f,f,f,f,f,f,f,t,2.1,t,2.4,t,177,t,1.46,t,122,f,?,other
85,27,M,f,f,f,f,f,f,f,f,f,f,f,f,f,f,t,0.2,t,2.2,t,99,t,0.82,t,120,f,?,SVHC
207,71,F,f,f,f,f,f,f,f,f,f,f,f,f,f,f,t,0.3,t,2.3,t,120,t,0.8,t,149,f,?,other
100,79,M,f,f,f,f,f,f,f,f,f,f,f,f,f,f,t,0.2,t,1.6,t,82,t,0.8,t,104,f,?,other
131,70,M,f,f,f,t,f,f,f,f,f,f,f,f,f,f,t,0.6,t,2.6,t,144,t,1.2,t,120,f,?,SVHD
36,70,F,f,f,f,f,f,f,f,f,f,f,f,f,f,f,t,0.005,t,2.6,t,160,t,0.88,t,180,f,?,other
40,44,M,f,f,f,t,f,f,f,f,f,f,f,f,f,f,t,2,t,1.3,t,136,t,0.94,t,145,f,?,SVHD
198,76,F,f,f,f,f,f,f,f,f,f,f,f,f,f,f,t,2.4,t,0.05,t,38,t,0.52,t,73,f,?,SVI
68,18,M,f,f,f,f,f,f,f,f,f,f,f,f,f,f,f,?,t,2.4,t,86,t,1.01,t,85,f,?,other
179,54,F,f,f,f,t,f,f,f,f,f,f,f,f,f,f,t,0.9,f,?,t,113,t,0.9,t,125,f,?,other
193,74,F,f,f,f,f,f,f,f,f,f,f,f,f,f,f,t,1.3,t,2.3,t,113,t,0.96,t,118,f,?,other
38,66,M,f,f,f,f,f,f,f,f,f,f,f,f,f,f,t,0.5,t,1.9,t,80,t,0.85,t,94,f,?,SVHC
187,54,F,f,f,f,f,f,f,f,f,f,f,f,f,f,f,t,0.6,t,2.2,t,98,t,1.03,t,96,f,?,SVI
57,59,?,f,f,f,f,f,f,f,f,f,f,f,f,f,f,t,1.5,f,?,t,92,t,0.93,t,99,f,?,SVI
39,61,F,f,f,f,f,f,f,f,f,f,f,f,f,f,f,t,0.61,t,1.6,t,103,t,0.93,t,111,f,?,SVI
205,80,M,f,f,f,f,f,f,f,f,f,f,f,f,f,f,t,0.15,t,2.2,t,124,t,0.81,t,152,f,?,SVI
6,81,F,f,f,f,f,f,f,f,f,f,f,f,f,f,f,t,0.2,t,2.2,t,133,t,0.78,t,171,f,?,other
71,23,F,f,f,f,f,f,f,f,f,f,f,f,f,f,f,f,?,f,?,t,86,t,0.98,t,88,f,?,other
126,27,F,f,f,f,f,f,f,f,f,f,f,f,f,f,f,t,0.5,t,1.3,t,108,t,0.79,t,137,f,?,SVI
228,76,F,f,f,f,f,f,f,f,f,f,f,f,f,f,f,t,3.9,t,1.7,t,104,t,1.04,t,100,f,?,SVI
208,46,F,f,f,f,f,f,f,f,f,f,f,f,f,f,f,t,0.015,t,2,t,93,t,0.97,t,96,f,?,other
156,45,M,f,f,f,f,f,f,f,f,f,f,f,f,f,t,t,0.75,t,2.3,t,119,t,0.94,t,126,f,?,other
231,26,F,f,f,f,f,f,f,f,f,f,f,f,f,f,f,t,2.1,t,2.2,t,95,t,1,t,95,f,?,other
81,23,F,f,f,f,f,f,f,f,f,f,f,f,f,f,f,t,0.02,t,3.4,t,91,t,1.1,t,83,f,?,other
227,55,F,f,f,f,f,f,f,f,f,f,f,f,f,f,t,t,9.2,t,2.5,t,106,t,1.13,t,94,f,?,SVHC
29,44,M,f,f,f,f,f,f,f,f,f,f,f,f,f,f,t,0.2,t,1.5,t,107,t,0.79,t,135,f,?,other
182,32,F,f,f,f,f,f,f,f,f,f,f,f,f,f,f,t,1.4,f,?,t,108,t,1.15,t,94,f,?,other
172,60,F,f,f,f,f,f,f,f,f,f,f,f,f,f,f,t,0.55,f,?,t,180,t,1.05,t,172,f,?,other
64,71,F,t,f,f,f,f,f,f,f,t,f,f,f,f,f,t,0.5,f,?,t,126,t,1.02,t,124,f,?,other
37,69,F,f,f,f,f,f,f,f,f,f,f,f,f,f,f,t,0.31,f,?,t,118,t,0.83,t,142,f,?,other
76,1,?,f,f,f,f,f,f,f,f,f,f,f,f,f,f,t,8.8,t,1.9,t,113,t,0.86,t,131,f,?,STMW
9,87,F,f,f,f,f,f,f,f,f,f,f,f,f,f,f,t,0.15,t,1.7,t,162,t,0.87,t,186,f,?,SVI
168,21,F,f,f,f,f,f,f,f,f,t,f,f,f,f,f,f,?,f,?,f,?,f,?,f,?,f,?,other
258,43,M,f,f,f,f,f,f,f,f,f,f,f,f,f,f,f,?,f,?,t,65,t,0.93,t,70,f,?,other
230,23,F,f,f,f,f,f,f,f,f,f,f,f,f,f,f,t,1.6,t,1.4,t,76,t,0.83,t,91,f,?,SVI
14,44,F,f,f,f,f,f,f,f,f,f,f,f,f,f,f,t,2.5,t,1.6,t,119,t,1.09,t,110,f,?,other
180,64,F,f,f,f,f,f,f,f,f,f,f,f,f,f,f,t,0.25,f,?,t,92,t,0.91,t,101,f,?,other
108,62,M,f,f,f,f,f,f,f,f,f,f,f,f,f,f,t,3.5,t,2,t,67,t,0.73,t,92,f,?,SVI
235,19,?,f,f,f,f,f,f,f,f,f,f,f,f,f,f,f,?,t,2.2,f,?,f,?,f,?,f,?,other
206,61,M,f,f,f,f,f,f,f,f,f,f,f,f,f,f,t,0.02,t,1.5,t,125,t,0.77,t,163,f,?,other
127,34,F,f,f,f,f,f,f,f,f,f,f,f,f,f,f,t,0.25,t,1.6,t,107,t,1.05,t,102,f,?,SVHC
171,64,F,f,f,f,f,f,f,f,f,f,f,f,f,f,f,f,?,f,?,f,?,f,?,f,?,f,?,other
188,64,F,t,f,f,f,f,f,f,f,f,f,f,f,f,f,t,1.2,t,2.3,t,177,t,1.51,t,117,f,?,other
93,55,F,f,f,f,f,f,f,f,f,f,f,f,f,f,f,t,1.8,f,?,t,84,t,0.95,t,88,f,?,other
170,55,F,t,f,f,f,f,f,f,f,f,f,f,f,f,f,t,0.05,t,2.8,t,189,t,1.66,t,114,f,?,other
56,26,F,f,f,f,f,f,f,f,f,f,f,f,f,f,f,t,2,f,?,t,137,t,1.63,t,84,f,?,other
158,83,M,f,f,f,f,f,f,f,f,f,f,f,f,f,f,t,1.6,f,?,t,120,t,1.29,t,92,f,?,other
142,61,M,f,f,f,f,f,f,f,f,f,f,f,f,f,f,t,2.2,t,1.7,t,79,t,0.78,t,101,f,?,other
26,66,M,f,f,f,f,f,f,f,f,f,f,f,f,f,f,t,1.3,t,1.7,t,86,t,0.91,t,94,f,?,other
21,69,F,f,f,f,f,f,f,f,f,f,f,f,f,f,f,t,1.8,t,2.3,t,97,t,0.89,t,109,f,?,SVI
250,64,F,f,f,f,f,f,f,f,f,f,f,f,f,f,f,t,0.08,t,1.7,t,74,t,1.07,t,69,f,?,other
175,60,M,f,f,f,f,f,f,f,f,f,f,f,f,f,f,t,5.2,f,?,t,88,t,0.95,t,92,f,?,SVI
109,30,M,f,f,f,f,f,f,f,f,f,f,f,f,f,f,t,1.1,t,3.1,t,119,t,1.08,t,109,f,?,other
17,27,F,f,f,f,f,f,f,f,f,f,f,f,f,f,f,t,2.6,f,?,t,112,t,1.15,t,97,f,?,other
104,51,M,f,f,f,f,f,t,f,f,f,f,f,f,f,f,t,1.9,t,2.2,t,74,t,0.91,t,81,f,?,other
102,59,F,f,f,f,t,f,f,f,f,f,f,f,f,f,f,t,1.7,t,1.2,t,101,t,0.9,t,112,f,?,other
106,37,F,f,f,f,f,f,f,f,f,f,f,f,f,f,f,t,1.6,t,2.3,t,97,t,1.04,t,93,f,?,SVHC
35,65,?,f,f,f,f,f,f,f,f,f,f,f,f,f,f,t,4.3,f,?,t,88,t,0.72,t,122,f,?,SVI
147,68,F,f,f,f,f,f,f,f,f,f,f,f,f,f,f,t,1.3,t,2.4,t,82,t,0.91,t,90,f,?,SVI
191,16,M,f,f,f,f,f,f,f,f,f,f,f,f,f,f,t,1.8,t,2,t,103,t,1.03,t,100,f,?,other
31,36,F,f,f,f,f,f,f,f,f,f,f,f,f,f,f,f,?,t,2,t,96,t,0.86,t,112,f,?,other
166,68,M,f,f,f,f,f,f,f,f,f,f,f,f,f,f,t,1.9,t,2.9,t,90,t,1,t,90,f,?,SVI
48,58,M,f,f,f,f,f,f,f,f,f,f,f,f,f,f,t,0.25,t,2.4,t,102,t,0.77,t,134,f,?,other
101,70,F,f,f,f,f,f,f,f,f,f,f,f,f,f,f,t,2.4,f,?,t,101,t,0.9,t,113,f,?,other
92,84,F,f,f,f,f,f,f,f,f,f,f,f,f,f,f,t,0.25,t,2,t,134,t,0.79,t,170,f,?,SVI
163,80,F,f,f,t,f,f,f,f,f,f,f,f,f,f,f,t,2.2,t,1.7,t,83,t,1.11,t,76,f,?,other
62,62,M,f,f,f,t,f,f,f,f,f,f,f,f,f,f,t,12,t,1.5,t,105,t,0.86,t,122,f,?,other
124,54,M,f,f,f,f,f,f,f,f,f,f,f,f,f,f,t,2.3,t,2.4,t,106,t,1,t,106,f,?,other
138,15,F,f,f,f,f,f,f,f,f,f,f,f,f,f,f,t,0.7,t,1.8,t,84,t,0.98,t,86,f,?,other
24,74,M,f,f,f,f,f,f,f,f,f,f,f,f,f,f,t,1,t,2.1,t,77,t,0.91,t,84,f,?,SVI
32,22,F,f,f,f,f,f,f,f,f,f,f,f,f,f,f,t,1.3,f,?,t,110,t,0.94,t,117,f,?,other
164,80,F,f,f,f,f,f,f,f,f,f,f,f,f,f,t,t,1.1,t,1.8,t,94,t,0.94,t,100,f,?,SVHC
41,43,M,t,f,f,f,f,f,f,f,f,f,f,f,f,f,t,0.05,f,?,t,160,t,1.03,t,156,f,?,other
246,36,F,f,f,f,f,f,f,f,f,f,f,f,f,f,f,t,0.59,f,?,t,115,t,1.2,t,96,f,?,other
65,57,F,f,f,f,f,f,f,f,f,f,f,f,f,f,f,f,?,f,?,f,?,f,?,f,?,f,?,other
154,68,M,f,f,f,f,f,f,f,f,f,f,f,f,f,f,t,2,t,1.5,t,110,t,0.89,t,124,f,?,SVI
97,43,F,t,f,f,f,f,f,f,f,f,f,f,f,f,f,t,19,f,?,t,63,t,0.97,t,65,f,?,other
165,26,F,f,f,f,f,f,f,f,f,f,f,f,f,f,f,f,?,f,?,f,?,f,?,f,?,f,?,other
192,70,M,f,f,f,f,f,f,f,f,t,f,f,f,f,f,f,?,f,?,f,?,f,?,f,?,f,?,other
159,35,F,f,f,t,f,f,f,f,f,f,f,f,f,f,f,t,0.045,t,2.1,t,71,t,1.1,t,64,f,?,other
133,24,M,f,f,f,f,f,f,f,f,t,f,f,f,f,f,t,0.15,t,2.7,t,116,t,0.82,t,143,f,?,other
196,53,F,f,f,f,f,f,f,f,f,f,f,f,f,f,f,t,0.05,t,4.3,t,184,t,1.19,t,155,f,?,other
136,42,F,f,f,f,f,f,f,f,f,f,f,f,f,f,f,t,3.3,t,1.7,t,56,t,0.9,t,62,f,?,SVI
239,70,F,f,f,f,f,f,f,f,f,f,f,f,f,f,f,t,1.5,t,0.3,t,79,t,0.8,t,98,f,?,SVI
25,38,?,f,f,f,f,f,f,f,f,f,f,f,f,f,f,t,2.9,t,1.8,t,93,t,0.95,t,98,f,?,other
181,59,F,f,f,f,f,f,f,f,f,f,f,f,f,f,f,t,11.4,f,?,t,99,t,0.97,t,102,f,?,other
66,78,M,f,f,f,t,f,f,f,f,f,f,f,f,f,f,t,2.1,t,1.8,t,80,t,0.72,t,111,f,?,other
34,37,F,f,f,f,f,f,f,f,f,f,f,f,f,f,f,t,1.6,f,?,t,67,t,0.71,t,95,f,?,other
87,30,F,f,f,f,f,t,f,f,f,f,f,f,f,f,f,t,2.7,f,?,t,125,t,1.43,t,87,f,?,STMW
202,69,M,f,f,f,f,f,f,f,f,f,f,f,f,f,f,t,1.1,t,1.6,t,99,t,0.92,t,108,f,?,other
70,77,M,f,f,f,f,f,f,f,f,f,f,f,f,f,f,t,0.6,t,1.2,t,146,t,0.93,t,157,f,?,SVI
12,64,F,f,f,f,t,f,f,f,f,f,f,f,f,f,f,t,1,t,1.7,t,96,t,0.9,t,107,f,?,SVI
90,72,F,f,f,f,f,f,f,f,f,f,f,f,f,f,f,t,2.3,t,2.3,t,111,t,1.14,t,97,f,?,SVI
77,50,M,f,f,f,f,f,f,f,f,f,f,f,f,f,f,t,151,t,1,t,32,t,1.16,t,28,f,?,other
162,46,M,f,f,f,f,f,f,f,f,f,f,f,f,f,t,t,1.1,t,2.9,t,125,t,1.02,t,122,f,?,SVHC
238,72,F,f,f,f,f,f,f,f,f,f,f,f,f,f,f,t,1.9,t,1.4,t,109,t,0.95,t,116,f,?,SVI
3,61,F,f,f,f,f,f,f,f,f,f,f,t,f,f,f,t,0.99,t,1.5,t,63,t,0.56,t,113,f,?,SVI
161,49,F,f,f,f,t,f,f,f,f,f,f,f,f,f,f,t,1,t,1.6,t,93,t,0.94,t,99,f,?,other
232,21,F,f,f,f,f,f,f,f,f,t,f,f,f,f,f,t,0.4,t,3.4,t,189,t,1.35,t,140,f,?,other
103,34,F,f,f,f,f,f,f,f,f,f,f,f,f,f,f,t,0.25,t,2.3,t,103,t,1.05,t,98,f,?,other
